{
  "nodes": {
    "+javascript#1": {
      "contentWidth": 350,
      "rfNode": {
        "position": {
          "x": 512.2670232388438,
          "y": -597.8505642734098
        }
      }
    }
  },
  "pseudoNodes": {
    "input": {
      "rfNode": {
        "position": {
          "x": -36.15152735637736,
          "y": -505.5842297596705
        }
      }
    },
    "output": {
      "rfNode": {
        "position": {
          "x": 927.2697869058279,
          "y": -489.7462975742977
        }
      }
    }
  }
}