{
  "nodes": {
    "filter#1": {
      "rfNode": {
        "position": {
          "x": 768.8144874463517,
          "y": -154.51852736631483
        }
      },
      "sections": {
        "subflowSlots": {
          "cardCollapsed": false
        }
      }
    },
    "+value#2": {
      "contentWidth": 415,
      "rfNode": {
        "position": {
          "x": 231.81448744635168,
          "y": 167.49330333007936
        }
      }
    },
    "+value#5": {
      "contentWidth": 415,
      "rfNode": {
        "position": {
          "x": 231.81448744635168,
          "y": -258.5185273663148
        }
      }
    }
  }
}