{
  "nodes": {
    "+slot#2": {
      "contentWidth": 350,
      "rfNode": {
        "position": {
          "x": 1170.8954281790604,
          "y": 102.60440167367705
        }
      }
    },
    "+javascript#1": {
      "contentWidth": 387.00452066040873,
      "rfNode": {
        "position": {
          "x": 1611.0906433737096,
          "y": 254.40369689580905
        }
      },
      "sections": {
        "inputs": {
          "collapsed": {
            "reducer": {
              "[]": false,
              "[\"mark\"]": true,
              "[\"array\"]": true
            }
          }
        },
        "outputs": {
          "collapsed": {
            "reducer": {
              "[]": true
            }
          }
        },
        "scriptlet": {
          "cardCollapsed": true
        }
      }
    },
    "each#1": {
      "rfNode": {
        "position": {
          "x": 540.1400183559163,
          "y": 203.26963845433352
        }
      }
    },
    "each#3": {
      "rfNode": {
        "position": {
          "x": 1116.0235533413597,
          "y": -260.6417539696681
        }
      },
      "sections": {
        "inputs": {
          "collapsed": {
            "array": {
              "[0]": true
            }
          }
        }
      }
    }
  },
  "pseudoNodes": {
    "input": {
      "contentWidth": 350,
      "rfNode": {
        "position": {
          "x": -69.64731053520566,
          "y": 68.6228278412236
        }
      }
    },
    "output": {
      "contentWidth": 350,
      "rfNode": {
        "position": {
          "x": 2089.792371215826,
          "y": 267.00918034480435
        }
      }
    }
  }
}