{
  "nodes": {
    "+slot#2": {
      "contentWidth": 350,
      "rfNode": {
        "position": {
          "x": 1355.3508472029325,
          "y": -193.7997787240981
        }
      }
    },
    "+javascript#1": {
      "contentWidth": 387.00452066040873,
      "rfNode": {
        "position": {
          "x": 1829.355790383771,
          "y": -46.41044802190389
        }
      },
      "sections": {
        "inputs": {
          "collapsed": {
            "reducer": {
              "[]": false,
              "[\"mark\"]": true,
              "[\"array\"]": true
            }
          }
        },
        "outputs": {
          "collapsed": {
            "reducer": {
              "[]": true
            }
          }
        },
        "scriptlet": {
          "cardCollapsed": true
        }
      }
    },
    "each#1": {
      "rfNode": {
        "position": {
          "x": 758.4051653659776,
          "y": -97.54450646337942
        }
      }
    },
    "each#3": {
      "rfNode": {
        "position": {
          "x": 1334.288700351421,
          "y": -561.4558988873811
        }
      },
      "sections": {
        "inputs": {
          "collapsed": {
            "array": {
              "[0]": true
            }
          }
        }
      }
    },
    "switch-by-length#1": {
      "rfNode": {
        "position": {
          "x": 237.50113677202432,
          "y": 54.358246030331884
        }
      }
    }
  },
  "pseudoNodes": {
    "input": {
      "contentWidth": 350,
      "rfNode": {
        "position": {
          "x": -192.77123961780444,
          "y": -23.72011897072548
        }
      }
    },
    "output": {
      "contentWidth": 350,
      "rfNode": {
        "position": {
          "x": 2299.6627048793466,
          "y": 339.5895519780961
        }
      }
    }
  }
}