{
  "nodes": {
    "+slot#2": {
      "contentWidth": 350,
      "rfNode": {
        "position": {
          "x": 1170.8954281790604,
          "y": 102.60440167367705
        }
      }
    },
    "+javascript#1": {
      "contentWidth": 387.00452066040873,
      "rfNode": {
        "position": {
          "x": 1611.0906433737096,
          "y": 254.40369689580905
        }
      },
      "sections": {
        "inputs": {
          "collapsed": {
            "reducer": {
              "[]": false,
              "[\"mark\"]": true,
              "[\"array\"]": true
            }
          }
        },
        "outputs": {
          "collapsed": {
            "reducer": {
              "[]": true
            }
          }
        },
        "scriptlet": {
          "cardCollapsed": true
        }
      }
    },
    "+javascript#3": {
      "contentWidth": 605.0861066775212,
      "rfNode": {
        "position": {
          "x": 443.77463219851506,
          "y": 102.60440167367705
        }
      },
      "sections": {
        "outputs": {
          "collapsed": {
            "args": {
              "[]": true
            }
          }
        }
      }
    },
    "+javascript#5": {
      "contentWidth": 350,
      "rfNode": {
        "position": {
          "x": 1159.9375818988517,
          "y": -212.3771721587764
        }
      },
      "sections": {
        "scriptlet": {
          "cardCollapsed": true
        }
      }
    }
  },
  "pseudoNodes": {
    "input": {
      "contentWidth": 350,
      "rfNode": {
        "position": {
          "x": -70.83636611878691,
          "y": 17.09194535674562
        }
      }
    },
    "output": {
      "contentWidth": 350,
      "rfNode": {
        "position": {
          "x": 2089.792371215826,
          "y": 267.00918034480435
        }
      }
    }
  }
}