{
  "nodes": {
    "+javascript#1": {
      "rfNode": {
        "position": {
          "x": 498.73684210526307,
          "y": -495.6197368421052
        }
      }
    },
    "iter_args#1": {
      "contentWidth": 450,
      "rfNode": {
        "position": {
          "x": 62.919078947368405,
          "y": -118.06249999999997
        }
      }
    }
  },
  "pseudoNodes": {
    "input": {
      "rfNode": {
        "position": {
          "x": 0,
          "y": -400
        }
      }
    },
    "output": {
      "rfNode": {
        "position": {
          "x": 1046.2513157894737,
          "y": -410.90986842105264
        }
      }
    }
  }
}