{
  "nodes": {
    "map#1": {
      "rfNode": {
        "position": {
          "x": 605.1773350552988,
          "y": -227.68897395947818
        }
      }
    },
    "+value#1": {
      "contentWidth": 415,
      "rfNode": {
        "position": {
          "x": 128,
          "y": -198.55780029296875
        }
      }
    }
  }
}