{
  "nodes": {
    "+slot#1": {
      "contentWidth": 350,
      "rfNode": {
        "position": {
          "x": 1101.898135742569,
          "y": -277.5564980743216
        }
      }
    },
    "+javascript#4": {
      "contentWidth": 539.4936266869561,
      "rfNode": {
        "position": {
          "x": 1516.0730794056326,
          "y": -214.33119516046833
        }
      },
      "sections": {
        "inputs": {
          "collapsed": {
            "reducer": {
              "[]": false,
              "[\"mark\"]": true,
              "[\"array\"]": true
            }
          }
        },
        "outputs": {
          "collapsed": {
            "reducer": {
              "[]": true
            }
          }
        },
        "scriptlet": {
          "cardCollapsed": true
        }
      }
    },
    "+javascript#6": {
      "contentWidth": 350,
      "rfNode": {
        "position": {
          "x": 2204.1064319048874,
          "y": -375.6985131511601
        }
      },
      "sections": {
        "inputs": {
          "collapsed": {
            "array": {
              "[]": true
            },
            "predicates": {
              "[]": true
            }
          }
        },
        "scriptlet": {
          "cardCollapsed": true
        }
      }
    },
    "each#1": {
      "rfNode": {
        "position": {
          "x": 1017.3206728920516,
          "y": -642.1825041846992
        }
      },
      "sections": {
        "inputs": {
          "collapsed": {
            "array": {
              "[0]": false,
              "[]": false
            }
          }
        }
      }
    },
    "each#2": {
      "rfNode": {
        "position": {
          "x": 533.5806444485868,
          "y": -241.6985131511601
        }
      }
    },
    "switch-by-length#1": {
      "rfNode": {
        "position": {
          "x": -4.884914138713782,
          "y": -115.158329625938
        }
      }
    }
  },
  "pseudoNodes": {
    "input": {
      "rfNode": {
        "position": {
          "x": -497.05643363669185,
          "y": -259.158329625938
        }
      }
    },
    "output": {
      "rfNode": {
        "position": {
          "x": 2694.0326628482994,
          "y": 230.51303811402943
        }
      }
    }
  }
}