{
  "nodes": {
    "+typescript#1": {
      "contentWidth": 450,
      "rfNode": {
        "position": {
          "x": 475.5138157894737,
          "y": -576.6473684210525
        }
      }
    }
  },
  "pseudoNodes": {
    "input": {
      "rfNode": {
        "position": {
          "x": -43.639473684210486,
          "y": -476.3690789473684
        }
      }
    },
    "output": {
      "rfNode": {
        "position": {
          "x": 976.1164473684212,
          "y": -400
        }
      }
    }
  }
}