{
  "nodes": {
    "+typescript#1": {
      "contentWidth": 500.1171875,
      "rfNode": {
        "position": {
          "x": 320.0213134342785,
          "y": -916.6316224451551
        }
      }
    }
  },
  "pseudoNodes": {
    "input": {
      "rfNode": {
        "position": {
          "x": -260.5483052963531,
          "y": -811.3293124114258
        }
      }
    },
    "output": {
      "rfNode": {
        "position": {
          "x": 981.9705166412919,
          "y": -811.3293124114258
        }
      }
    }
  }
}